{
  "project_info": {
    "project_number": "323771266486",
    "project_id": "lenslife-9ee79",
    "storage_bucket": "lenslife-9ee79.appspot.com"
  },
  "client": [
    {
      "client_info": {
        "mobilesdk_app_id": "1:323771266486:android:ad22a9b2a051e264287d17",
        "android_client_info": {
          "package_name": "com.example.lenslife"
        }
      },
      "oauth_client": [],
      "api_key": [
        {
          "current_key": "AIzaSyAckb7tnZIXAf3aKYMzjTcLx_EZ8hutUa4"
        }
      ],
      "services": {
        "appinvite_service": {
          "other_platform_oauth_client": []
        }
      }
    }
  ],
  "configuration_version": "1"
}